Date,Campaign Name,Adset Name,Ad Name,CPM (Cost per 1000 Impressions),Action Leads,Cost Per Action Leads,CPC (Cost per Click),"Spend (Cost, Amount Spent)",Daily Budget,CTR (Clickthrough Rate)
2026-05-01,[THIAGOSILVA.ADS] Instagram post: ⏰ O cliente não espera pra...,Instagram post: ⏰ O cliente não espera pra...,Instagram post: ⏰ O cliente não espera pra...,"21,52",0,0,"1,614","24,21",21,"1,333333"
2026-05-01,🟡 [CADASTRO] [16/12] [CBO] - TRAFEGO DIRETO,**07 TH VIDEO - ADV+ | ABERTO 17/04,AD07 TH,"54,473479",0,0,"5,172963","139,67",200,"1,053042"
2026-05-02,[THIAGOSILVA.ADS] Instagram post: ⏰ O cliente não espera pra...,Instagram post: ⏰ O cliente não espera pra...,Instagram post: ⏰ O cliente não espera pra...,"12,722222",0,0,"0,590968","18,32",21,"2,152778"
2026-05-02,🟡 [CADASTRO] [16/12] [CBO] - TRAFEGO DIRETO,**07 TH VIDEO - ADV+ | ABERTO 17/04,AD07 TH,"53,244313",0,0,"5,981111","161,49",200,"0,890208"
2026-05-03,[THIAGOSILVA.ADS] Instagram post: ⏰ O cliente não espera pra...,Instagram post: ⏰ O cliente não espera pra...,Instagram post: ⏰ O cliente não espera pra...,"15,135135",0,0,"1,208421","22,96",21,"1,252472"
2026-05-03,🟡 [CADASTRO] [16/12] [CBO] - TRAFEGO DIRETO,**07 TH VIDEO - ADV+ | ABERTO 17/04,AD07 TH,"64,124664",0,0,"5,37525","215,01",200,"1,192962"
2026-05-03,🟡 [CADASTRO] [16/12] [CBO] - TRAFEGO DIRETO,01 IMG - ADV+ | ABERTO 03/05,AD01 IMG,"93,867521",0,0,"3,82","87,86",100,"2,457265"
2026-05-04,[THIAGOSILVA.ADS] Instagram post: ⏰ O cliente não espera pra...,Instagram post: ⏰ O cliente não espera pra...,Instagram post: ⏰ O cliente não espera pra...,"12,751464",0,0,"0,665556","23,96",21,"1,915913"
2026-05-04,🟡 [CADASTRO] [16/12] [CBO] - TRAFEGO DIRETO,**07 TH VIDEO - ADV+ | ABERTO 17/04,AD07 TH,"48,067187",0,0,"5,975882","203,18",200,"0,804353"
2026-05-04,🟡 [CADASTRO] [16/12] [CBO] - TRAFEGO DIRETO,01 IMG - ADV+ | ABERTO 03/05,AD01 IMG,"71,272855",0,0,"5,334211","101,35",100,"1,336146"
2026-05-05,[THIAGOSILVA.ADS] Instagram post: ⏰ O cliente não espera pra...,Instagram post: ⏰ O cliente não espera pra...,Instagram post: ⏰ O cliente não espera pra...,"12,41358",0,0,"0,628438","20,11",21,"1,975309"
2026-05-05,🟡 [CADASTRO] [16/12] [CBO] - TRAFEGO DIRETO,**07 TH VIDEO - ADV+ | ABERTO 17/04,AD07 TH,"67,756563",0,0,"4,731667","56,78",200,"1,431981"
2026-05-05,🟡 [CADASTRO] [16/12] [CBO] - TRAFEGO DIRETO,01 IMG - ADV+ | ABERTO 03/05,AD01 IMG,"60,604333",0,0,"2,872973","106,3",100,"2,109464"
2026-05-05,🟡 [CADASTRO] [16/12] [CBO] - TRAFEGO DIRETO,01 VIDEO - ADV+ | ABERTO 05/05,AD01,"108,27907",0,0,"7,76","46,56",50,"1,395349"
2026-05-05,🟡 [CADASTRO] [16/12] [CBO] - TRAFEGO DIRETO,02 VIDEO - ADV+ | ABERTO 05/05,AD02,"87,679671",0,0,"7,116667","42,7",50,"1,232033"
2026-05-05,🟡 [CADASTRO] [16/12] [CBO] - TRAFEGO DIRETO,03 VIDEO - ADV+ | ABERTO 05/05,AD03,"135,324324",0,0,"12,5175","50,07",50,"1,081081"
2026-05-05,🟡 [CADASTRO] [16/12] [CBO] - TRAFEGO DIRETO,04 VIDEO - ADV+ | ABERTO 05/05,AD04,"148,010076",0,0,"19,586667","58,76",50,"0,755668"
2026-05-05,🟡 [CADASTRO] [16/12] [CBO] - TRAFEGO DIRETO,05 VIDEO - ADV+ | ABERTO 05/05,AD05,"120,921348",0,0,"26,905","53,81",50,"0,449438"
2026-05-05,🟡 [CADASTRO] [16/12] [CBO] - TRAFEGO DIRETO,06 VIDEO - ADV+ | ABERTO 05/05,AD06,"109,97549",0,0,"8,974","44,87",50,"1,22549"
2026-05-05,🟡 [CADASTRO] [16/12] [CBO] - TRAFEGO DIRETO,07 VIDEO - ADV+ | ABERTO 05/05,AD07,"128,089005",0,0,"16,31","48,93",50,"0,78534"
2026-05-05,🟡 [CADASTRO] [16/12] [CBO] - TRAFEGO DIRETO,08 VIDEO - ADV+ | ABERTO 05/05,AD08,"143,428571",0,0,"25,1","50,2",50,"0,571429"
2026-05-05,🟡 [CADASTRO] [16/12] [CBO] - TRAFEGO DIRETO,09 VIDEO - ADV+ | ABERTO 05/05,AD09,"107,377451",0,0,"8,762","43,81",50,"1,22549"
2026-05-06,[THIAGOSILVA.ADS] Instagram post: ⏰ O cliente não espera pra...,Instagram post: ⏰ O cliente não espera pra...,Instagram post: ⏰ O cliente não espera pra...,"16,511438",0,0,"0,777308","20,21",21,"2,124183"
2026-05-06,🟡 [CADASTRO] [16/12] [CBO] - TRAFEGO DIRETO,01 IMG - ADV+ | ABERTO 03/05,AD01 IMG,"61,79669",0,0,"2,904444","26,14",100,"2,12766"
2026-05-06,🟡 [CADASTRO] [16/12] [CBO] - TRAFEGO DIRETO,01 IMG - ADV+ | ABERTO 06/05,AD01 IMG,"89,041096",0,0,"6,5",13,50,"1,369863"
2026-05-06,🟡 [CADASTRO] [16/12] [CBO] - TRAFEGO DIRETO,01 VIDEO - ADV+ | ABERTO 05/05,AD01,"140,46875",0,0,"10,788","53,94",50,"1,302083"
2026-05-06,🟡 [CADASTRO] [16/12] [CBO] - TRAFEGO DIRETO,01 VIDEO - ADV+ | ABERTO 06/05,AD01,"83,770492",0,0,"10,22","10,22",50,"0,819672"
2026-05-06,🟡 [CADASTRO] [16/12] [CBO] - TRAFEGO DIRETO,02 IMG - ADV+ | ABERTO 06/05,AD02 IMG,130,0,0,"7,865","15,73",126,"1,652893"
2026-05-06,🟡 [CADASTRO] [16/12] [CBO] - TRAFEGO DIRETO,02 VIDEO - ADV+ | ABERTO 05/05,AD02,"122,84188",0,0,"8,212857","57,49",50,"1,495727"
2026-05-06,🟡 [CADASTRO] [16/12] [CBO] - TRAFEGO DIRETO,03 VIDEO - ADV+ | ABERTO 05/05,AD03,"165,786164",0,0,"5,272","52,72",50,"3,144654"
2026-05-06,🟡 [CADASTRO] [16/12] [CBO] - TRAFEGO DIRETO,04 - ADV+ | ABERTO 06/05,AD4 - Assessoria para dobrar as vendas,"206,75",0,0,"5,513333","16,54",50,"3,75"
2026-05-06,🟡 [CADASTRO] [16/12] [CBO] - TRAFEGO DIRETO,04 TH VIDEO - ADV+ | ABERTO 06/05,AD04 TH,"81,351351",0,0,"3,01","9,03",50,"2,702703"
2026-05-06,🟡 [CADASTRO] [16/12] [CBO] - TRAFEGO DIRETO,04 VIDEO - ADV+ | ABERTO 05/05,AD04,"294,117647",0,0,35,35,50,"0,840336"
2026-05-06,🟡 [CADASTRO] [16/12] [CBO] - TRAFEGO DIRETO,04 VIDEO - ADV+ | ABERTO 06/05,AD04,"95,090909",0,0,0,"10,46",50,0
2026-05-06,🟡 [CADASTRO] [16/12] [CBO] - TRAFEGO DIRETO,05 VIDEO - ADV+ | ABERTO 05/05,AD05,"155,591398",0,0,"14,47","28,94",50,"1,075269"
2026-05-06,🟡 [CADASTRO] [16/12] [CBO] - TRAFEGO DIRETO,06 VIDEO - ADV+ | ABERTO 05/05,AD06,"185,362903",0,0,"11,4925","45,97",50,"1,612903"
2026-05-06,🟡 [CADASTRO] [16/12] [CBO] - TRAFEGO DIRETO,07 VIDEO - ADV+ | ABERTO 05/05,AD07,"240,774648",0,0,"34,19","34,19",50,"0,704225"
2026-05-06,🟡 [CADASTRO] [16/12] [CBO] - TRAFEGO DIRETO,07 VIDEO - ADV+ | ABERTO 06/05,AD07,"143,695652",0,0,0,"13,22",50,0
2026-05-06,🟡 [CADASTRO] [16/12] [CBO] - TRAFEGO DIRETO,08 VIDEO - ADV+ | ABERTO 05/05,AD08,"204,071146",0,0,"17,21","51,63",50,"1,185771"
2026-05-06,🟡 [CADASTRO] [16/12] [CBO] - TRAFEGO DIRETO,08 VIDEO - ADV+ | ABERTO 06/05,AD08,"116,210526",0,0,"11,04","11,04",50,"1,052632"
2026-05-06,🟡 [CADASTRO] [16/12] [CBO] - TRAFEGO DIRETO,09 VIDEO - ADV+ | ABERTO 05/05,AD09,"263,112583",0,0,"13,243333","39,73",50,"1,986755"
2026-05-06,🟡 [CADASTRO] [16/12] [CBO] - TRAFEGO DIRETO,11 VIDEO - ADV+ | ABERTO 06/05,AD11,"109,736842",0,0,"4,17","12,51",50,"2,631579"
2026-05-07,[THIAGOSILVA.ADS] Instagram post: ⏰ O cliente não espera pra...,Instagram post: ⏰ O cliente não espera pra...,Instagram post: ⏰ O cliente não espera pra...,"20,878187",0,0,"1,163684","22,11",21,"1,794145"
2026-05-07,🟡 [CADASTRO] [16/12] [CBO] - TRAFEGO DIRETO,01 IMG - ADV+ | ABERTO 06/05,AD01 IMG,"48,528428",0,0,"4,464615","58,04",50,"1,086957"
2026-05-07,🟡 [CADASTRO] [16/12] [CBO] - TRAFEGO DIRETO,01 VIDEO - ADV+ | ABERTO 06/05,AD01,"112,838915",0,0,"7,075","70,75",50,"1,594896"
2026-05-07,🟡 [CADASTRO] [16/12] [CBO] - TRAFEGO DIRETO,02 IMG - ADV+ | ABERTO 06/05,AD02 IMG,"86,008287",0,0,"4,447857","62,27",126,"1,933702"
2026-05-07,🟡 [CADASTRO] [16/12] [CBO] - TRAFEGO DIRETO,04 - ADV+ | ABERTO 06/05,AD4 - Assessoria para dobrar as vendas,"91,304348",0,0,"8,75","52,5",50,"1,043478"
2026-05-07,🟡 [CADASTRO] [16/12] [CBO] - TRAFEGO DIRETO,04 TH VIDEO - ADV+ | ABERTO 06/05,AD04 TH,"78,066038",0,0,"4,413333","66,2",50,"1,768868"
2026-05-07,🟡 [CADASTRO] [16/12] [CBO] - TRAFEGO DIRETO,04 VIDEO - ADV+ | ABERTO 06/05,AD04,"79,842424",0,0,"7,318889","65,87",50,"1,090909"
2026-05-07,🟡 [CADASTRO] [16/12] [CBO] - TRAFEGO DIRETO,07 VIDEO - ADV+ | ABERTO 06/05,AD07,"86,736402",0,0,"5,1825","62,19",50,"1,67364"
2026-05-07,🟡 [CADASTRO] [16/12] [CBO] - TRAFEGO DIRETO,08 VIDEO - ADV+ | ABERTO 05/05,AD08,0,0,0,0,0,50,0
2026-05-07,🟡 [CADASTRO] [16/12] [CBO] - TRAFEGO DIRETO,08 VIDEO - ADV+ | ABERTO 06/05,AD08,"80,185414",0,0,"4,633571","64,87",50,"1,730532"
2026-05-07,🟡 [CADASTRO] [16/12] [CBO] - TRAFEGO DIRETO,11 VIDEO - ADV+ | ABERTO 06/05,AD11,"69,305711",0,0,"5,626364","61,89",50,"1,231803"
2026-05-08,[THIAGOSILVA.ADS] Instagram post: ⏰ O cliente não espera pra...,Instagram post: ⏰ O cliente não espera pra...,Instagram post: ⏰ O cliente não espera pra...,"19,811321",0,0,"1,425","19,95",21,"1,390268"
2026-05-08,🟡 [CADASTRO] [16/12] [CBO] - TRAFEGO DIRETO,01 IMG - ADV+ | ABERTO 06/05,AD01 IMG,"73,996479",0,0,"6,004286","84,06",50,"1,232394"
2026-05-08,🟡 [CADASTRO] [16/12] [CBO] - TRAFEGO DIRETO,01 VIDEO - ADV+ | ABERTO 06/05,AD01,"133,874172",0,0,"10,1075","40,43",50,"1,324503"
2026-05-08,🟡 [CADASTRO] [16/12] [CBO] - TRAFEGO DIRETO,02 IMG - ADV+ | ABERTO 06/05,AD02 IMG,"107,959502",0,0,"9,901429","69,31",126,"1,090343"
2026-05-08,🟡 [CADASTRO] [16/12] [CBO] - TRAFEGO DIRETO,04 - ADV+ | ABERTO 06/05,AD4 - Assessoria para dobrar as vendas,"104,60452",0,0,"12,343333","37,03",50,"0,847458"
2026-05-08,🟡 [CADASTRO] [16/12] [CBO] - TRAFEGO DIRETO,04 TH VIDEO - ADV+ | ABERTO 06/05,AD04 TH,"55,89313",0,0,"5,23","36,61",50,"1,068702"
2026-05-08,🟡 [CADASTRO] [16/12] [CBO] - TRAFEGO DIRETO,04 VIDEO - ADV+ | ABERTO 06/05,AD04,"62,690499",0,0,"6,058182","66,64",50,"1,034807"
2026-05-08,🟡 [CADASTRO] [16/12] [CBO] - TRAFEGO DIRETO,07 VIDEO - ADV+ | ABERTO 06/05,AD07,"79,036281",0,0,"8,71375","69,71",50,"0,907029"
2026-05-08,🟡 [CADASTRO] [16/12] [CBO] - TRAFEGO DIRETO,08 VIDEO - ADV+ | ABERTO 06/05,AD08,"116,321244",0,0,"5,6125","44,9",50,"2,072539"
2026-05-08,🟡 [CADASTRO] [16/12] [CBO] - TRAFEGO DIRETO,11 VIDEO - ADV+ | ABERTO 06/05,AD11,"91,805556",0,0,"6,61","39,66",50,"1,388889"
2026-05-09,[THIAGOSILVA.ADS] Instagram post: ⏰ O cliente não espera pra...,Instagram post: ⏰ O cliente não espera pra...,Instagram post: ⏰ O cliente não espera pra...,"19,445676",0,0,"1,252857","17,54",21,"1,552106"
2026-05-09,🟡 [CADASTRO] [16/12] [CBO] - TRAFEGO DIRETO,01 IMG - ADV+ | ABERTO 06/05,AD01 IMG,"68,894045",0,0,"4,049091","178,16",50,"1,701469"
2026-05-09,🟡 [CADASTRO] [16/12] [CBO] - TRAFEGO DIRETO,02 IMG - ADV+ | ABERTO 06/05,AD02 IMG,"150,756534",0,0,"12,177778","109,6",126,"1,237964"
2026-05-09,🟡 [CADASTRO] [16/12] [CBO] - TRAFEGO DIRETO,04 VIDEO - ADV+ | ABERTO 06/05,AD04,"80,865862",0,0,"7,596","113,94",50,"1,064585"
2026-05-09,🟡 [CADASTRO] [16/12] [CBO] - TRAFEGO DIRETO,07 VIDEO - ADV+ | ABERTO 06/05,AD07,"118,553846",0,0,"9,6325","115,59",50,"1,230769"
2026-05-10,[THIAGOSILVA.ADS] Instagram post: ⏰ O cliente não espera pra...,Instagram post: ⏰ O cliente não espera pra...,Instagram post: ⏰ O cliente não espera pra...,"18,802566",0,0,"1,0552","26,38",21,"1,781896"
2026-05-10,🟡 [CADASTRO] [16/12] [CBO] - TRAFEGO DIRETO,01 IMG - ADV+ | ABERTO 06/05,AD01 IMG,"66,170328",0,0,"4,783725","243,97",50,"1,383238"
2026-05-10,🟡 [CADASTRO] [16/12] [CBO] - TRAFEGO DIRETO,02 IMG - ADV+ | ABERTO 06/05,AD02 IMG,"109,597953",0,0,"6,247083","149,93",126,"1,754386"
2026-05-10,🟡 [CADASTRO] [16/12] [CBO] - TRAFEGO DIRETO,04 VIDEO - ADV+ | ABERTO 06/05,AD04,"56,98679",0,0,"11,401429","159,62",50,"0,499821"
2026-05-10,🟡 [CADASTRO] [16/12] [CBO] - TRAFEGO DIRETO,07 VIDEO - ADV+ | ABERTO 06/05,AD07,"80,188425",0,0,"8,124545","178,74",50,"0,98699"
2026-05-11,[THIAGOSILVA.ADS] Instagram post: ⏰ O cliente não espera pra...,Instagram post: ⏰ O cliente não espera pra...,Instagram post: ⏰ O cliente não espera pra...,"17,760252",0,0,"0,97913","22,52",21,"1,81388"
2026-05-11,🟡 [CADASTRO] [16/12] [CBO] - TRAFEGO DIRETO,01 IMG - ADV+ | ABERTO 06/05,AD01 IMG,"58,551821",0,0,"5,098293","209,03",50,"1,148459"
2026-05-11,🟡 [CADASTRO] [16/12] [CBO] - TRAFEGO DIRETO,02 IMG - ADV+ | ABERTO 06/05,AD02 IMG,"99,210526",0,0,"12,2525","147,03",126,"0,809717"
2026-05-11,🟡 [CADASTRO] [16/12] [CBO] - TRAFEGO DIRETO,04 VIDEO - ADV+ | ABERTO 06/05,AD04,"41,282929",0,0,"5,596786","156,71",50,"0,737619"
2026-05-11,🟡 [CADASTRO] [16/12] [CBO] - TRAFEGO DIRETO,07 VIDEO - ADV+ | ABERTO 06/05,AD07,"42,448744",0,0,"3,5",147,50,"1,212821"
2026-05-12,[THIAGOSILVA.ADS] Instagram post: ⏰ O cliente não espera pra...,Instagram post: ⏰ O cliente não espera pra...,Instagram post: ⏰ O cliente não espera pra...,"23,231441",0,0,"2,128","21,28",21,"1,091703"
2026-05-12,🟡 [CADASTRO] [16/12] [CBO] - TRAFEGO DIRETO,01 IMG - ADV+ | ABERTO 06/05,AD01 IMG,"56,105712",0,0,"4,931458","236,71",50,"1,13771"
2026-05-12,🟡 [CADASTRO] [16/12] [CBO] - TRAFEGO DIRETO,01 TH VIDEO - ADV+ | ABERTO 12/05,AD01 TH,"221,589744",0,0,"14,403333","43,21",50,"1,538462"
2026-05-12,🟡 [CADASTRO] [16/12] [CBO] - TRAFEGO DIRETO,02 IMG - ADV+ | ABERTO 06/05,AD02 IMG,"66,799323",0,0,"4,264324","157,78",126,"1,566469"
2026-05-12,🟡 [CADASTRO] [16/12] [CBO] - TRAFEGO DIRETO,04 VIDEO - ADV+ | ABERTO 06/05,AD04,"39,204574",0,0,"7,34619","154,27",50,"0,533672"
2026-05-12,🟡 [CADASTRO] [16/12] [CBO] - TRAFEGO DIRETO,07 VIDEO - ADV+ | ABERTO 06/05,AD07,"40,559157",0,0,"3,85","150,15",50,"1,053485"
2026-05-13,[THIAGOSILVA.ADS] Instagram post: ⏰ O cliente não espera pra...,Instagram post: ⏰ O cliente não espera pra...,Instagram post: ⏰ O cliente não espera pra...,"23,72327",0,0,"1,347143","18,86",21,"1,761006"
2026-05-13,🟡 [CADASTRO] [16/12] [CBO] - TRAFEGO DIRETO,01 IMG - ADV+ | ABERTO 06/05,AD01 IMG,"58,840034",0,0,"4,532581","140,51",50,"1,298157"
2026-05-13,🟡 [CADASTRO] [16/12] [CBO] - TRAFEGO DIRETO,01 TH VIDEO - ADV+ | ABERTO 12/05,AD01 TH,"201,826923",0,0,"41,98","41,98",50,"0,480769"
2026-05-13,🟡 [CADASTRO] [16/12] [CBO] - TRAFEGO DIRETO,02 IMG - ADV+ | ABERTO 06/05,AD02 IMG,"56,257028",0,0,"7,004","70,04",126,"0,803213"
2026-05-13,🟡 [CADASTRO] [16/12] [CBO] - TRAFEGO DIRETO,04 VIDEO - ADV+ | ABERTO 06/05,AD04,"44,678571",0,0,"6,255","87,57",50,"0,714286"
2026-05-13,🟡 [CADASTRO] [16/12] [CBO] - TRAFEGO DIRETO,07 VIDEO - ADV+ | ABERTO 06/05,AD07,"34,657534",0,0,"7,59","91,08",50,"0,456621"
2026-05-14,[THIAGOSILVA.ADS] Instagram post: ⏰ O cliente não espera pra...,Instagram post: ⏰ O cliente não espera pra...,Instagram post: ⏰ O cliente não espera pra...,"25,546012",0,0,"0,905217","20,82",21,"2,822086"
2026-05-14,🟡 [CADASTRO] [16/12] [CBO] - TRAFEGO DIRETO,01 IMG - ADV+ | ABERTO 06/05,AD01 IMG,"78,76161",0,0,"6,36","50,88",50,"1,23839"
2026-05-14,🟡 [CADASTRO] [16/12] [CBO] - TRAFEGO DIRETO,04 VIDEO - ADV+ | ABERTO 06/05,AD04,"53,870637",0,0,"4,036154","52,47",50,"1,334702"
2026-05-14,🟡 [CADASTRO] [16/12] [CBO] - TRAFEGO DIRETO,07 VIDEO - ADV+ | ABERTO 06/05,AD07,"33,315579",0,0,"3,1275","50,04",50,"1,065246"
2026-05-15,[THIAGOSILVA.ADS] Instagram post: ⏰ O cliente não espera pra...,Instagram post: ⏰ O cliente não espera pra...,Instagram post: ⏰ O cliente não espera pra...,"24,07497",0,0,"1,171176","19,91",21,"2,055623"
2026-05-15,🟡 [CADASTRO] [16/12] [CBO] - TRAFEGO DIRETO,01 IMG - ADV+ | ABERTO 06/05,AD01 IMG,"68,551336",0,0,"4,061667","48,74",50,"1,687764"
2026-05-15,🟡 [CADASTRO] [16/12] [CBO] - TRAFEGO DIRETO,04 VIDEO - ADV+ | ABERTO 06/05,AD04,"39,263502",0,0,"3,690769","47,98",50,"1,06383"
2026-05-15,🟡 [CADASTRO] [16/12] [CBO] - TRAFEGO DIRETO,07 VIDEO - ADV+ | ABERTO 06/05,AD07,"27,025451",0,0,"2,5485","50,97",50,"1,060445"
2026-05-16,[THIAGOSILVA.ADS] Instagram post: ⏰ O cliente não espera pra...,Instagram post: ⏰ O cliente não espera pra...,Instagram post: ⏰ O cliente não espera pra...,"24,548105",0,0,"1,122667","16,84",21,"2,186589"
2026-05-16,🟡 [CADASTRO] [16/12] [CBO] - TRAFEGO DIRETO,01 IMG - ADV+ | ABERTO 06/05,AD01 IMG,"53,847305",0,0,"5,138571","35,97",50,"1,047904"
2026-05-16,🟡 [CADASTRO] [16/12] [CBO] - TRAFEGO DIRETO,04 VIDEO - ADV+ | ABERTO 06/05,AD04,"35,37182",0,0,"4,51875","36,15",50,"0,782779"
2026-05-16,🟡 [CADASTRO] [16/12] [CBO] - TRAFEGO DIRETO,04 [CRM] VIDEO - ADV+ | ABERTO 16/05,AD04*,"40,052817",0,0,"11,375","22,75",20,"0,352113"
2026-05-16,🟡 [CADASTRO] [16/12] [CBO] - TRAFEGO DIRETO,07 VIDEO - ADV+ | ABERTO 06/05,AD07,"24,754325",0,0,"4,47125","35,77",50,"0,553633"
2026-05-17,[THIAGOSILVA.ADS] Instagram post: ⏰ O cliente não espera pra...,Instagram post: ⏰ O cliente não espera pra...,Instagram post: ⏰ O cliente não espera pra...,"30,146893",0,0,"2,223333","26,68",21,"1,355932"
2026-05-17,🟡 [CADASTRO] [16/12] [CBO] - TRAFEGO DIRETO,01 IMG - ADV+ | ABERTO 06/05,AD01 IMG,"58,143498",0,0,"3,2415","64,83",50,"1,793722"
2026-05-17,🟡 [CADASTRO] [16/12] [CBO] - TRAFEGO DIRETO,04 VIDEO - ADV+ | ABERTO 06/05,AD04,"37,206704",0,0,"4,995","59,94",50,"0,744879"
2026-05-17,🟡 [CADASTRO] [16/12] [CBO] - TRAFEGO DIRETO,04 [CRM] VIDEO - ADV+ | ABERTO 16/05,AD04*,"48,288431",2,"30,47","4,687692","60,94",20,"1,030111"
2026-05-17,🟡 [CADASTRO] [16/12] [CBO] - TRAFEGO DIRETO,07 VIDEO - ADV+ | ABERTO 06/05,AD07,"23,962733",0,0,"4,451538","57,87",50,"0,538302"
2026-05-18,[THIAGOSILVA.ADS] Instagram post: ⏰ O cliente não espera pra...,Instagram post: ⏰ O cliente não espera pra...,Instagram post: ⏰ O cliente não espera pra...,"32,023653",0,0,"1,107727","24,37",21,"2,890933"
2026-05-18,🟡 [CADASTRO] [16/12] [CBO] - TRAFEGO DIRETO,01 IMG - ADV+ | ABERTO 06/05,AD01 IMG,"67,964072",0,0,"2,27","11,35",50,"2,994012"
2026-05-18,🟡 [CADASTRO] [16/12] [CBO] - TRAFEGO DIRETO,01 [CRM] IMG - ADV+ | ABERTO 18/05,AD01 IMG,"101,175468",1,"59,39","2,9695","59,39",20,"3,407155"
2026-05-18,🟡 [CADASTRO] [16/12] [CBO] - TRAFEGO DIRETO,02 [CRM] IMG - ADV+ | ABERTO 18/05,AD02 IMG,"82,482759",0,0,"23,92","23,92",20,"0,344828"
2026-05-18,🟡 [CADASTRO] [16/12] [CBO] - TRAFEGO DIRETO,02 [CRM] TH VIDEO - ADV+ | ABERTO 18/05,AD02 TH,"120,928382",0,0,"9,118","45,59",20,"1,32626"
2026-05-18,🟡 [CADASTRO] [16/12] [CBO] - TRAFEGO DIRETO,03 [CRM] IMG - ADV+ | ABERTO 18/05,AD03 IMG,"127,524752",0,0,"4,293333","38,64",20,"2,970297"
2026-05-18,🟡 [CADASTRO] [16/12] [CBO] - TRAFEGO DIRETO,04 VIDEO - ADV+ | ABERTO 06/05,AD04,"63,607595",0,0,"10,05","20,1",50,"0,632911"
2026-05-18,🟡 [CADASTRO] [16/12] [CBO] - TRAFEGO DIRETO,04 [CRM] IMG - ADV+ | ABERTO 18/05,AD04 IMG,"73,229974",0,0,"9,446667","28,34",20,"0,775194"
2026-05-18,🟡 [CADASTRO] [16/12] [CBO] - TRAFEGO DIRETO,04 [CRM] VIDEO - ADV+ | ABERTO 16/05,AD04*,"43,654485",0,0,"4,692857","65,7",20,"0,930233"
2026-05-18,🟡 [CADASTRO] [16/12] [CBO] - TRAFEGO DIRETO,07 VIDEO - ADV+ | ABERTO 06/05,AD07,"27,386667",0,0,"5,135","10,27",50,"0,533333"
2026-05-18,🟡 [CADASTRO] [16/12] [CBO] - TRAFEGO DIRETO,07 [CRM] VIDEO - ADV+ | ABERTO 18/05,AD07,"58,993103",0,0,"14,256667","42,77",20,"0,413793"
2026-05-19,[THIAGOSILVA.ADS] Instagram post: ⏰ O cliente não espera pra...,Instagram post: ⏰ O cliente não espera pra...,Instagram post: ⏰ O cliente não espera pra...,"23,141593",0,0,"1,046","15,69",21,"2,212389"
2026-05-19,🟡 [CADASTRO] [16/12] [CBO] - TRAFEGO DIRETO,01 IMG - ADV+ | ABERTO 06/05,AD01 IMG,0,0,0,0,0,50,0
2026-05-19,🟡 [CADASTRO] [16/12] [CBO] - TRAFEGO DIRETO,01 [CRM] IMG - ADV+ | ABERTO 18/05,AD01 IMG,"58,647343",1,"60,7","4,046667","60,7",20,"1,449275"
2026-05-19,🟡 [CADASTRO] [16/12] [CBO] - TRAFEGO DIRETO,02 [CRM] IMG - ADV+ | ABERTO 18/05,AD02 IMG,"123,427562",1,"69,86","6,986","69,86",20,"1,766784"
2026-05-19,🟡 [CADASTRO] [16/12] [CBO] - TRAFEGO DIRETO,02 [CRM] TH VIDEO - ADV+ | ABERTO 18/05,AD02 TH,"187,519182",2,"36,66","14,664","73,32",20,"1,278772"
2026-05-19,🟡 [CADASTRO] [16/12] [CBO] - TRAFEGO DIRETO,03 [CRM] IMG - ADV+ | ABERTO 18/05,AD03 IMG,"124,991364",1,"72,37","5,566923","72,37",20,"2,24525"
2026-05-19,🟡 [CADASTRO] [16/12] [CBO] - TRAFEGO DIRETO,04 [CRM] IMG - ADV+ | ABERTO 18/05,AD04 IMG,"96,122995",3,"23,966667","5,135714","71,9",20,"1,871658"
2026-05-19,🟡 [CADASTRO] [16/12] [CBO] - TRAFEGO DIRETO,04 [CRM] VIDEO - ADV+ | ABERTO 16/05,AD04*,"35,0741",0,0,"6,2125","49,7",20,"0,564573"
2026-05-19,🟡 [CADASTRO] [16/12] [CBO] - TRAFEGO DIRETO,07 [CRM] VIDEO - ADV+ | ABERTO 18/05,AD07,"51,214351",0,0,"4,639167","55,67",20,"1,103956"
2026-05-20,Post do Instagram: Se esse conteúdo fez sentido...,Post do Instagram: Se esse conteúdo fez sentido...,Post do Instagram: Se esse conteúdo fez sentido...,"5,02583",0,0,"0,378333","6,81",21,"1,328413"
2026-05-20,[THIAGOSILVA.ADS] Instagram post: ⏰ O cliente não espera pra...,Instagram post: ⏰ O cliente não espera pra...,Instagram post: ⏰ O cliente não espera pra...,"23,934625",0,0,"1,797273","19,77",21,"1,331719"
2026-05-20,🟡 [CADASTRO] [16/12] [CBO] - TRAFEGO DIRETO,01 [CRM] IMG - ADV+ | ABERTO 18/05,AD01 IMG,"41,150551",0,0,"3,735556","33,62",20,"1,101591"
2026-05-20,🟡 [CADASTRO] [16/12] [CBO] - TRAFEGO DIRETO,02 [CRM] IMG - ADV+ | ABERTO 18/05,AD02 IMG,"76,612903",0,0,"3,8",38,20,"2,016129"
2026-05-20,🟡 [CADASTRO] [16/12] [CBO] - TRAFEGO DIRETO,02 [CRM] TH VIDEO - ADV+ | ABERTO 18/05,AD02 TH,"167,854077",0,0,"13,036667","39,11",20,"1,287554"
2026-05-20,🟡 [CADASTRO] [16/12] [CBO] - TRAFEGO DIRETO,03 [CRM] IMG - ADV+ | ABERTO 18/05,AD03 IMG,"97,039801",1,"39,01","5,572857","39,01",20,"1,741294"
2026-05-20,🟡 [CADASTRO] [16/12] [CBO] - TRAFEGO DIRETO,04 [CRM] IMG - ADV+ | ABERTO 18/05,AD04 IMG,"102,179177",0,0,"42,2","42,2",20,"0,242131"
2026-05-20,🟡 [CADASTRO] [16/12] [CBO] - TRAFEGO DIRETO,04 [CRM] VIDEO - ADV+ | ABERTO 16/05,AD04*,"32,613333",0,0,"3,0575","24,46",20,"1,066667"
2026-05-20,🟡 [CADASTRO] [16/12] [CBO] - TRAFEGO DIRETO,07 [CRM] VIDEO - ADV+ | ABERTO 18/05,AD07,"42,931472",0,0,"4,832857","33,83",20,"0,888325"
2026-05-21,Post do Instagram: Se esse conteúdo fez sentido...,Post do Instagram: Se esse conteúdo fez sentido...,Post do Instagram: Se esse conteúdo fez sentido...,"5,87222",0,0,"0,535714","18,75",21,"1,096148"
2026-05-21,[THIAGOSILVA.ADS] Instagram post: ⏰ O cliente não espera pra...,Instagram post: ⏰ O cliente não espera pra...,Instagram post: ⏰ O cliente não espera pra...,"25,440994",0,0,"1,077895","20,48",21,"2,360248"
2026-05-21,🟡 [CADASTRO] [16/12] [CBO] - TRAFEGO DIRETO,01 [CRM] IMG - ADV+ | ABERTO 18/05,AD01 IMG,"36,276803",0,0,"3,722","18,61",20,"0,974659"
2026-05-21,🟡 [CADASTRO] [16/12] [CBO] - TRAFEGO DIRETO,02 [CRM] IMG - ADV+ | ABERTO 18/05,AD02 IMG,"71,168831",0,0,"10,96","21,92",20,"0,649351"
2026-05-21,🟡 [CADASTRO] [16/12] [CBO] - TRAFEGO DIRETO,02 [CRM] TH VIDEO - ADV+ | ABERTO 18/05,AD02 TH,"87,735043",0,0,0,"20,53",20,0
2026-05-21,🟡 [CADASTRO] [16/12] [CBO] - TRAFEGO DIRETO,03 [CRM] IMG - ADV+ | ABERTO 18/05,AD03 IMG,"101,142857",1,"21,24","5,31","21,24",20,"1,904762"
2026-05-21,🟡 [CADASTRO] [16/12] [CBO] - TRAFEGO DIRETO,04 [CRM] IMG - ADV+ | ABERTO 18/05,AD04 IMG,"93,694581",0,0,0,"19,02",20,0
2026-05-21,🟡 [CADASTRO] [16/12] [CBO] - TRAFEGO DIRETO,04 [CRM] VIDEO - ADV+ | ABERTO 16/05,AD04*,"32,480499",0,0,"5,205","20,82",20,"0,624025"
2026-05-21,🟡 [CADASTRO] [16/12] [CBO] - TRAFEGO DIRETO,07 [CRM] VIDEO - ADV+ | ABERTO 18/05,AD07,"29,340813",1,"20,92","4,184","20,92",20,"0,701262"
2026-05-22,Post do Instagram: Se esse conteúdo fez sentido...,Post do Instagram: Se esse conteúdo fez sentido...,Post do Instagram: Se esse conteúdo fez sentido...,"5,196328",0,0,"0,391923","20,38",21,"1,325854"
2026-05-22,[THIAGOSILVA.ADS] Instagram post: ⏰ O cliente não espera pra...,Instagram post: ⏰ O cliente não espera pra...,Instagram post: ⏰ O cliente não espera pra...,"30,118694",0,0,"1,45","20,3",21,"2,077151"
2026-05-22,🟡 [CADASTRO] [16/12] [CBO] - TRAFEGO DIRETO,01 [CRM] IMG - ADV+ | ABERTO 18/05,AD01 IMG,"44,317673",0,0,"3,301667","19,81",20,"1,342282"
2026-05-22,🟡 [CADASTRO] [16/12] [CBO] - TRAFEGO DIRETO,02 [CRM] IMG - ADV+ | ABERTO 18/05,AD02 IMG,"118,321678",0,0,"16,92","16,92",20,"0,699301"
2026-05-22,🟡 [CADASTRO] [16/12] [CBO] - TRAFEGO DIRETO,02 [CRM] TH VIDEO - ADV+ | ABERTO 18/05,AD02 TH,"148,571429",0,0,0,"18,72",20,0
2026-05-22,🟡 [CADASTRO] [16/12] [CBO] - TRAFEGO DIRETO,03 [CRM] IMG - ADV+ | ABERTO 18/05,AD03 IMG,"109,631902",0,0,"8,935","17,87",20,"1,226994"
2026-05-22,🟡 [CADASTRO] [16/12] [CBO] - TRAFEGO DIRETO,04 [CRM] IMG - ADV+ | ABERTO 18/05,AD04 IMG,"206,551724",0,0,"7,986667","23,96",20,"2,586207"
2026-05-22,🟡 [CADASTRO] [16/12] [CBO] - TRAFEGO DIRETO,04 [CRM] VIDEO - ADV+ | ABERTO 16/05,AD04*,"36,92",0,0,"9,23","18,46",20,"0,4"
2026-05-22,🟡 [CADASTRO] [16/12] [CBO] - TRAFEGO DIRETO,07 [CRM] VIDEO - ADV+ | ABERTO 18/05,AD07,"23,968927",0,0,"2,12125","16,97",20,"1,129944"
2026-05-23,Post do Instagram: Se esse conteúdo fez sentido...,Post do Instagram: Se esse conteúdo fez sentido...,Post do Instagram: Se esse conteúdo fez sentido...,"5,577929",0,0,"0,395","21,33",21,"1,412134"
2026-05-23,[THIAGOSILVA.ADS] Instagram post: ⏰ O cliente não espera pra...,Instagram post: ⏰ O cliente não espera pra...,Instagram post: ⏰ O cliente não espera pra...,"24,355444",0,0,"0,926667","19,46",21,"2,628285"
2026-05-23,🟡 [CADASTRO] [16/12] [CBO] - TRAFEGO DIRETO,01 [CRM] IMG - ADV+ | ABERTO 18/05,AD01 IMG,"53,780069",0,0,"2,608333","15,65",20,"2,061856"
2026-05-23,🟡 [CADASTRO] [16/12] [CBO] - TRAFEGO DIRETO,02 [CRM] IMG - ADV+ | ABERTO 18/05,AD02 IMG,"91,898734",0,0,"7,26","7,26",20,"1,265823"
2026-05-23,🟡 [CADASTRO] [16/12] [CBO] - TRAFEGO DIRETO,02 [CRM] TH VIDEO - ADV+ | ABERTO 18/05,AD02 TH,"118,534483",1,"13,75","6,875","13,75",20,"1,724138"
2026-05-23,🟡 [CADASTRO] [16/12] [CBO] - TRAFEGO DIRETO,03 [CRM] IMG - ADV+ | ABERTO 18/05,AD03 IMG,"84,525547",0,0,"5,79","11,58",20,"1,459854"
2026-05-23,🟡 [CADASTRO] [16/12] [CBO] - TRAFEGO DIRETO,04 [CRM] IMG - ADV+ | ABERTO 18/05,AD04 IMG,"114,179104",1,"7,65","3,825","7,65",20,"2,985075"
2026-05-23,🟡 [CADASTRO] [16/12] [CBO] - TRAFEGO DIRETO,04 [CRM] VIDEO - ADV+ | ABERTO 16/05,AD04*,"42,507205",0,0,"2,95","14,75",20,"1,440922"
2026-05-23,🟡 [CADASTRO] [16/12] [CBO] - TRAFEGO DIRETO,07 [CRM] VIDEO - ADV+ | ABERTO 18/05,AD07,"30,169492",1,"16,02","3,204","16,02",20,"0,94162"
2026-05-24,Post do Instagram: Se esse conteúdo fez sentido...,Post do Instagram: Se esse conteúdo fez sentido...,Post do Instagram: Se esse conteúdo fez sentido...,"6,63144",0,0,"0,522917","25,1",21,"1,268164"
2026-05-24,[THIAGOSILVA.ADS] Instagram post: ⏰ O cliente não espera pra...,Instagram post: ⏰ O cliente não espera pra...,Instagram post: ⏰ O cliente não espera pra...,"27,912844",0,0,"0,869286","24,34",21,"3,211009"
2026-05-24,🟡 [CADASTRO] [16/12] [CBO] - TRAFEGO DIRETO,01 [CRM] IMG - ADV+ | ABERTO 18/05,AD01 IMG,"65,675676",0,0,"4,86","24,3",20,"1,351351"
2026-05-24,🟡 [CADASTRO] [16/12] [CBO] - TRAFEGO DIRETO,02 [CRM] TH VIDEO - ADV+ | ABERTO 18/05,AD02 TH,"118,185841",0,0,"26,71","26,71",20,"0,442478"
2026-05-24,🟡 [CADASTRO] [16/12] [CBO] - TRAFEGO DIRETO,03 [CRM] IMG - ADV+ | ABERTO 18/05,AD03 IMG,"102,844444",0,0,"23,14","23,14",20,"0,444444"
2026-05-24,🟡 [CADASTRO] [16/12] [CBO] - TRAFEGO DIRETO,04 [CRM] IMG - ADV+ | ABERTO 18/05,AD04 IMG,"125,097087",1,"25,77","12,885","25,77",20,"0,970874"
2026-05-24,🟡 [CADASTRO] [16/12] [CBO] - TRAFEGO DIRETO,04 [CRM] VIDEO - ADV+ | ABERTO 16/05,AD04*,"60,307329",0,0,"25,51","25,51",20,"0,236407"
2026-05-24,🟡 [CADASTRO] [16/12] [CBO] - TRAFEGO DIRETO,07 [CRM] VIDEO - ADV+ | ABERTO 18/05,AD07,"31,315166",2,"13,215","8,81","26,43",20,"0,35545"
2026-05-25,Post do Instagram: Se esse conteúdo fez sentido...,Post do Instagram: Se esse conteúdo fez sentido...,Post do Instagram: Se esse conteúdo fez sentido...,"6,59956",0,0,"0,511707","20,98",21,"1,289714"
2026-05-25,[THIAGOSILVA.ADS] Instagram post: ⏰ O cliente não espera pra...,Instagram post: ⏰ O cliente não espera pra...,Instagram post: ⏰ O cliente não espera pra...,"35,774878",0,0,"1,566429","21,93",21,"2,28385"
2026-05-25,🟡 [CADASTRO] [16/12] [CBO] - TRAFEGO DIRETO,01 [CRM] IMG - ADV+ | ABERTO 18/05,AD01 IMG,"54,360087",2,"12,53","3,58","25,06",20,"1,518438"
2026-05-25,🟡 [CADASTRO] [16/12] [CBO] - TRAFEGO DIRETO,02 [CRM] TH VIDEO - ADV+ | ABERTO 18/05,AD02 TH,"115,210084",0,0,"6,855","27,42",20,"1,680672"
2026-05-25,🟡 [CADASTRO] [16/12] [CBO] - TRAFEGO DIRETO,03 [CRM] IMG - ADV+ | ABERTO 18/05,AD03 IMG,"113,421053",0,0,"7,183333","21,55",20,"1,578947"
2026-05-25,🟡 [CADASTRO] [16/12] [CBO] - TRAFEGO DIRETO,04 [CRM] IMG - ADV+ | ABERTO 18/05,AD04 IMG,"140,833333",2,"12,675","3,16875","25,35",20,"4,444444"
2026-05-25,🟡 [CADASTRO] [16/12] [CBO] - TRAFEGO DIRETO,04 [CRM] VIDEO - ADV+ | ABERTO 16/05,AD04*,"35,826087",1,"24,72","4,12","24,72",20,"0,869565"
2026-05-25,🟡 [CADASTRO] [16/12] [CBO] - TRAFEGO DIRETO,07 [CRM] VIDEO - ADV+ | ABERTO 18/05,AD07,"24,923234",2,"12,175","2,435","24,35",20,"1,023541"
2026-05-26,Post do Instagram: Se esse conteúdo fez sentido...,Post do Instagram: Se esse conteúdo fez sentido...,Post do Instagram: Se esse conteúdo fez sentido...,"6,836801",0,0,"0,512927","21,03",21,"1,3329"
2026-05-26,[THIAGOSILVA.ADS] Instagram post: ⏰ O cliente não espera pra...,Instagram post: ⏰ O cliente não espera pra...,Instagram post: ⏰ O cliente não espera pra...,"34,49848",0,0,"1,194737","22,7",21,"2,887538"
2026-05-26,🟡 [CADASTRO] [16/12] [CBO] - TRAFEGO DIRETO,01 [CRM] IMG - ADV+ | ABERTO 18/05,AD01 IMG,"46,004184",1,"21,99","3,665","21,99",20,"1,25523"
2026-05-26,🟡 [CADASTRO] [16/12] [CBO] - TRAFEGO DIRETO,02 [CRM] TH VIDEO - ADV+ | ABERTO 18/05,AD02 TH,"113,765182",0,0,"9,366667","28,1",20,"1,214575"
2026-05-26,🟡 [CADASTRO] [16/12] [CBO] - TRAFEGO DIRETO,03 [CRM] IMG - ADV+ | ABERTO 18/05,AD03 IMG,"93,715278",2,"13,495","2,998889","26,99",20,"3,125"
2026-05-26,🟡 [CADASTRO] [16/12] [CBO] - TRAFEGO DIRETO,04 [CRM] IMG - ADV+ | ABERTO 18/05,AD04 IMG,"63,389121",0,0,"3,366667","30,3",20,"1,882845"
2026-05-26,🟡 [CADASTRO] [16/12] [CBO] - TRAFEGO DIRETO,04 [CRM] VIDEO - ADV+ | ABERTO 16/05,AD04*,"32,161785",0,0,"3,843333","23,06",20,"0,83682"
2026-05-26,🟡 [CADASTRO] [16/12] [CBO] - TRAFEGO DIRETO,07 [CRM] VIDEO - ADV+ | ABERTO 18/05,AD07,"24,627767",0,0,"8,16","24,48",20,"0,301811"
2026-05-27,Post do Instagram: Se esse conteúdo fez sentido...,Post do Instagram: Se esse conteúdo fez sentido...,Post do Instagram: Se esse conteúdo fez sentido...,"7,212663",0,0,"0,476364","20,96",21,"1,514109"
2026-05-27,[THIAGOSILVA.ADS] Instagram post: ⏰ O cliente não espera pra...,Instagram post: ⏰ O cliente não espera pra...,Instagram post: ⏰ O cliente não espera pra...,"32,051282",0,0,"1,323529","22,5",21,"2,421652"
2026-05-27,🟡 [CADASTRO] [16/12] [CBO] - TRAFEGO DIRETO,01 [CRM] IMG - ADV+ | ABERTO 18/05,AD01 IMG,"43,992016",0,0,"1,695385","22,04",20,"2,59481"
2026-05-27,🟡 [CADASTRO] [16/12] [CBO] - TRAFEGO DIRETO,02 [CRM] TH VIDEO - ADV+ | ABERTO 18/05,AD02 TH,"122,971429",0,0,0,"21,52",20,0
2026-05-27,🟡 [CADASTRO] [16/12] [CBO] - TRAFEGO DIRETO,03 [CRM] IMG - ADV+ | ABERTO 18/05,AD03 IMG,"112,10084",0,0,"4,446667","26,68",20,"2,521008"
2026-05-27,🟡 [CADASTRO] [16/12] [CBO] - TRAFEGO DIRETO,04 [CRM] IMG - ADV+ | ABERTO 18/05,AD04 IMG,"80,892857",0,0,"7,55","22,65",20,"1,071429"
2026-05-27,🟡 [CADASTRO] [16/12] [CBO] - TRAFEGO DIRETO,04 [CRM] VIDEO - ADV+ | ABERTO 16/05,AD04*,"41,313485",0,0,"11,795","23,59",20,"0,350263"
2026-05-27,🟡 [CADASTRO] [16/12] [CBO] - TRAFEGO DIRETO,07 [CRM] VIDEO - ADV+ | ABERTO 18/05,AD07,"23,1813",0,0,"10,165","20,33",20,"0,22805"
2026-05-28,Post do Instagram: Se esse conteúdo fez sentido...,Post do Instagram: Se esse conteúdo fez sentido...,Post do Instagram: Se esse conteúdo fez sentido...,"6,635823",0,0,"0,590588","20,08",21,"1,123596"
2026-05-28,[THIAGOSILVA.ADS] Instagram post: ⏰ O cliente não espera pra...,Instagram post: ⏰ O cliente não espera pra...,Instagram post: ⏰ O cliente não espera pra...,"36,660413",0,0,"1,085556","19,54",21,"3,377111"
2026-05-28,🟡 [CADASTRO] [16/12] [CBO] - TRAFEGO DIRETO,01 [CRM] IMG - ADV+ | ABERTO 18/05,AD01 IMG,"38,574561",0,0,"1,465833","17,59",20,"2,631579"
2026-05-28,🟡 [CADASTRO] [16/12] [CBO] - TRAFEGO DIRETO,02 [CRM] TH VIDEO - ADV+ | ABERTO 18/05,AD02 TH,"127,972028",0,0,0,"18,3",20,0
2026-05-28,🟡 [CADASTRO] [16/12] [CBO] - TRAFEGO DIRETO,03 [CRM] IMG - ADV+ | ABERTO 18/05,AD03 IMG,"116,911765",0,0,0,"23,85",20,0
2026-05-28,🟡 [CADASTRO] [16/12] [CBO] - TRAFEGO DIRETO,04 [CRM] IMG - ADV+ | ABERTO 18/05,AD04 IMG,"75,473684",0,0,"2,39","14,34",20,"3,157895"
2026-05-28,🟡 [CADASTRO] [16/12] [CBO] - TRAFEGO DIRETO,04 [CRM] VIDEO - ADV+ | ABERTO 16/05,AD04*,"28,18038",0,0,"2,544286","17,81",20,"1,107595"
2026-05-28,🟡 [CADASTRO] [16/12] [CBO] - TRAFEGO DIRETO,07 [CRM] VIDEO - ADV+ | ABERTO 18/05,AD07,"18,942505",0,0,"2,05","18,45",20,"0,924025"
2026-05-29,"Post do Instagram: Comenta aqui, qual desses 3...","Post do Instagram: Comenta aqui, qual desses 3...","Post do Instagram: Comenta aqui, qual desses 3...","13,233083",0,0,0,"1,76",21,0
2026-05-29,Post do Instagram: Se esse conteúdo fez sentido...,Post do Instagram: Se esse conteúdo fez sentido...,Post do Instagram: Se esse conteúdo fez sentido...,"7,430407",0,0,"0,694","10,41",21,"1,070664"
2026-05-29,Post do Instagram: Vem comigo analisar esse...,Post do Instagram: Vem comigo analisar esse...,Post do Instagram: Vem comigo analisar esse...,"13,763441",0,0,"1,28","2,56",21,"1,075269"
2026-05-29,[THIAGOSILVA.ADS] Instagram post: ⏰ O cliente não espera pra...,Instagram post: ⏰ O cliente não espera pra...,Instagram post: ⏰ O cliente não espera pra...,"42,836538",0,0,"1,272857","8,91",21,"3,365385"
2026-05-29,🟡 [CADASTRO] [16/12] [CBO] - TRAFEGO DIRETO,01 [CRM] IMG - ADV+ | ABERTO 18/05,AD01 IMG,"39,066986",0,0,"2,332857","16,33",20,"1,674641"
2026-05-29,🟡 [CADASTRO] [16/12] [CBO] - TRAFEGO DIRETO,02 [CRM] TH VIDEO - ADV+ | ABERTO 18/05,AD02 TH,"147,159091",0,0,0,"12,95",20,0
2026-05-29,🟡 [CADASTRO] [16/12] [CBO] - TRAFEGO DIRETO,03 [CRM] IMG - ADV+ | ABERTO 18/05,AD03 IMG,"77,973856",0,0,"5,965","11,93",20,"1,30719"
2026-05-29,🟡 [CADASTRO] [16/12] [CBO] - TRAFEGO DIRETO,04 [CRM] IMG - ADV+ | ABERTO 18/05,AD04 IMG,"65,233645",0,0,"3,49","13,96",20,"1,869159"
2026-05-29,🟡 [CADASTRO] [16/12] [CBO] - TRAFEGO DIRETO,04 [CRM] VIDEO - ADV+ | ABERTO 16/05,AD04*,"32,122449",0,0,"5,246667","15,74",20,"0,612245"
2026-05-29,🟡 [CADASTRO] [16/12] [CBO] - TRAFEGO DIRETO,07 [CRM] VIDEO - ADV+ | ABERTO 18/05,AD07,"22,054208",0,0,"2,208571","15,46",20,"0,998573"
2026-05-30,"Post do Instagram: Comenta aqui, qual desses 3...","Post do Instagram: Comenta aqui, qual desses 3...","Post do Instagram: Comenta aqui, qual desses 3...","23,543897",0,0,"2,199","21,99",21,"1,070664"
2026-05-30,Post do Instagram: Vem comigo analisar esse...,Post do Instagram: Vem comigo analisar esse...,Post do Instagram: Vem comigo analisar esse...,"21,951983",0,0,"1,168333","21,03",21,"1,878914"
2026-05-30,🟡 [CADASTRO] [16/12] [CBO] - TRAFEGO DIRETO,01 [CRM] IMG - ADV+ | ABERTO 18/05,AD01 IMG,"45,018182",0,0,"1,768571","12,38",20,"2,545455"
2026-05-30,🟡 [CADASTRO] [16/12] [CBO] - TRAFEGO DIRETO,02 [CRM] TH VIDEO - ADV+ | ABERTO 18/05,AD02 TH,"130,789474",0,0,0,"4,97",20,0
2026-05-30,🟡 [CADASTRO] [16/12] [CBO] - TRAFEGO DIRETO,03 [CRM] IMG - ADV+ | ABERTO 18/05,AD03 IMG,"85,671642",0,0,"2,87","5,74",20,"2,985075"
2026-05-30,🟡 [CADASTRO] [16/12] [CBO] - TRAFEGO DIRETO,04 [CRM] IMG - ADV+ | ABERTO 18/05,AD04 IMG,"65,73913",0,0,"7,56","7,56",20,"0,869565"
2026-05-30,🟡 [CADASTRO] [16/12] [CBO] - TRAFEGO DIRETO,04 [CRM] VIDEO - ADV+ | ABERTO 16/05,AD04*,"41,46789",0,0,"4,52","9,04",20,"0,917431"
2026-05-30,🟡 [CADASTRO] [16/12] [CBO] - TRAFEGO DIRETO,07 [CRM] VIDEO - ADV+ | ABERTO 18/05,AD07,"26,515957",0,0,"2,4925","9,97",20,"1,06383"
2026-05-31,"Post do Instagram: Comenta aqui, qual desses 3...","Post do Instagram: Comenta aqui, qual desses 3...","Post do Instagram: Comenta aqui, qual desses 3...","19,882759",0,0,"1,922","28,83",21,"1,034483"
2026-05-31,Post do Instagram: Vem comigo analisar esse...,Post do Instagram: Vem comigo analisar esse...,Post do Instagram: Vem comigo analisar esse...,"25,693431",0,0,"0,912593","24,64",21,"2,815433"
2026-05-31,🟡 [CADASTRO] [16/12] [CBO] - TRAFEGO DIRETO,01 [CRM] IMG - ADV+ | ABERTO 18/05,AD01 IMG,"54,317181",0,0,"4,11","24,66",20,"1,321586"
2026-05-31,🟡 [CADASTRO] [16/12] [CBO] - TRAFEGO DIRETO,02 [CRM] TH VIDEO - ADV+ | ABERTO 18/05,AD02 TH,"281,052632",0,0,0,"32,04",20,0
2026-05-31,🟡 [CADASTRO] [16/12] [CBO] - TRAFEGO DIRETO,03 [CRM] IMG - ADV+ | ABERTO 18/05,AD03 IMG,"139,906542",0,0,"7,485","29,94",20,"1,869159"
2026-05-31,🟡 [CADASTRO] [16/12] [CBO] - TRAFEGO DIRETO,04 [CRM] IMG - ADV+ | ABERTO 18/05,AD04 IMG,"91,231884",0,0,"5,036","25,18",20,"1,811594"
2026-05-31,🟡 [CADASTRO] [16/12] [CBO] - TRAFEGO DIRETO,04 [CRM] VIDEO - ADV+ | ABERTO 16/05,AD04*,"58,984547",0,0,"3,817143","26,72",20,"1,545254"
2026-05-31,🟡 [CADASTRO] [16/12] [CBO] - TRAFEGO DIRETO,07 [CRM] VIDEO - ADV+ | ABERTO 18/05,AD07,"26,494961",0,0,"2,150909","23,66",20,"1,231803"